people,0
kind,1
combining,2
story,3
dads,4
evil,5
wotshisface,6
the,7
throat,8
thats,9
is,10
betterwe,11
likes,12
stupid,13
take,14
acceptable,15
enjoy,16
demons,17
finished,18
does,19
dont,20
hear,21
count,22
suicides,23
kinda,24
only,25
ass,26
until,27
fun,28
has,29
bobbypin,30
black,31
tom,32
there,33
been,34
those,35
awesome,36
fan,37
money,38
okay,39
our,40
from,41
just,42
might,43
awful,44
homosexuality,45
do,46
zen,47
terrible,48
can,49
won,50
ever,51
personally,52
community,53
never,54
go,55
while,56
escapades,57
course,58
almost,59
wanted,60
big,61
mom,62
amazing,63
likeyeah,64
felicias,65
outshines,66
eyre,67
didnt,68
being,69
theater,70
probably,71
more,72
having,73
two,74
jane,75
hella,76
god,77
reality,78
tell,79
used,80
blonds,81
becoming,82
rockhard,83
mountain,84
i,85
both,86
youre,87
review,88
your,89
long,90
times,91
since,92
slap,93
snuck,94
yet,95
said,96
and,97
potter,98
hat,99
catcher,100
me,101
movies,102
because,103
id,104
how,105
lubb,106
little,107
else,108
its,109
sit,110
dies,111
dragged,112
balls,113
cock,114
think,115
watched,116
day,117
groaning,118
saw,119
why,120
great,121
am,122
mtv,123
crap,124
gonna,125
crazy,126
even,127
care,128
says,129
life,130
25,131
must,132
leah,133
last,134
acne,135
rings,136
b,137
were,138
first,139
im,140
everyone,141
though,142
but,143
aching,144
rocks,145
you,146
brokeback,147
show,148
profound,149
so,150
hates,151
3,152
crappy,153
us,154
station,155
after,156
same,157
watching,158
well,159
knows,160
freakin,161
noises,162
was,163
what,164
kelsie,165
2,166
will,167
told,168
now,169
saying,170
my,171
bye,172
real,173
already,174
who,175
books,176
most,177
officially,178
would,179
boring,180
liked,181
that,182
up,183
guy,184
than,185
hoot,186
are,187
theres,188
year,189
sucking,190
hung,191
bit,192
give,193
gary,194
try,195
them,196
no,197
bogus,198
head,199
talking,200
make,201
fandom,202
hey,203
over,204
hated,205
serious,206
desperately,207
novel,208
da,209
worth,210
where,211
right,212
around,213
opinion,214
cowboys,215
mean,216
in,217
movie,218
time,219
off,220
felicia,221
kate,222
she,223
deep,224
lord,225
stars,226
looks,227
beautiful,228
grabs,229
if,230
jokes,231
thought,232
making,233
s,234
sucked,235
trousers,236
down,237
malfoy,238
wait,239
still,240
action,241
things,242
least,243
film,244
best,245
hate,246
could,247
always,248
actually,249
to,250
quiz,251
sentry,252
inaccurate,253
not,254
very,255
good,256
be,257
goin,258
this,259
past,260
a,261
such,262
stand,263
got,264
anything,265
daniel,266
hes,267
into,268
better,269
begin,270
laughed,271
an,272
interesting,273
going,274
seeing,275
main,276
as,277
vigor,278
read,279
stories,280
we,281
awards,282
know,283
something,284
either,285
bad,286
before,287
book,288
turned,289
picture,290
loved,291
some,292
made,293
lot,294
news,295
virgin,296
theme,297
dudeee,298
seen,299
material,300
or,301
side,302
yeah,303
thinking,304
freaking,305
his,306
too,307
days,308
mission,309
havent,310
went,311
hill,312
all,313
kids,314
lovethe,315
table,316
end,317
letting,318
through,319
lol,320
had,321
differently,322
soo,323
left,324
really,325
at,326
keys,327
watch,328
new,329
sure,330
person,331
sick,332
thing,333
for,334
school,335
cant,336
few,337
luv,338
three,339
shit,340
gin,341
needs,342
way,343
every,344
of,345
horrible,346
quite,347
cleaning,348
retarted,349
draco,350
whos,351
lost,352
back,353
talk,354
helped,355
then,356
pretty,357
despised,358
which,359
he,360
bitch,361
totally,362
xmen,363
have,364
their,365
want,366
ill,367
out,368
cowboy,369
here,370
like,371
crash,372
depressing,373
dash,374
also,375
anyone,376
apparently,377
should,378
anyway,379
on,380
angels,381
friday,382
start,383
oh,384
far,385
ok,386
did,387
series,388
about,389
panting,390
reminded,391
coz,392
get,393
second,394
silent,395
ive,396
excellent,397
doing,398
hips,399
they,400
heard,401
enjoyed,402
other,403
suck,404
insanely,405
miss,406
man,407
friends,408
one,409
cruise,410
cool,411
iii,412
may,413
with,414
kirsten,415
doesnt,416
song,417
night,418
say,419
bonkers,420
sad,421
sucks,422
again,423
absolutely,424
see,425
when,426
world,427
harry,428
it,429
reading,430
vinci,431
type,432
these,433
whimpering,434
feel,435
love,436
by,437
fact,438
impossible,439
joining,440
character,441
plain,442
him,443
gay,444
tye,445
much,446
fucking,447
code,448
wrong,449
glad,450
place,451
